time.index,tv.volume,tv.spend,search.clicks,search.imps,search.matching.query.volume,search.query.volume,search.spend,total.spend,brand.sales,competitor.sales,revenue,profit,tv.budget.index,tv.budget,search.budget.index,search.budget,market.rate
53,503317538,2516454.37794376,0,0,4583116,20356163,0,2516454.37794376,1887883,9601992,151030640,148514185.622056,2,47500000,2,1.2e+07,0.873183960804094
54,0,0,348841,4446718,4446718,19760784,383725.1,383725.1,1698725,9444149,135898000,135514274.9,2,47500000,2,1.2e+07,0.844190095439097
55,485286985,2426424.06557854,413383,5169726,5169726,22964108,454721.3,2881145.36557854,2173900,11045116,173912000,171030854.634421,2,47500000,2,1.2e+07,1
56,0,0,367194,4650836,4650836,20659666,403913.4,403913.4,1786094,9924738,142887520,142483606.6,2,47500000,2,1.2e+07,0.887584215119276
57,0,0,368439,4662687,4662687,20733026,405282.9,405282.9,1790024,9967191,143201920,142796637.1,2,47500000,2,1.2e+07,0.891316308448446
58,919241857,4596378.34489722,342512,4371751,4371751,19426690,376763.2,4973141.54489723,1816798,9140197,145343840,140370698.455103,2,47500000,2,1.2e+07,0.828484956590745
59,0,0,304936,3955576,3955576,17582171,335429.6,335429.6,1485401,8254691,118832080,118496650.4,2,47500000,2,1.2e+07,0.737981455000605
60,689597729,3448064.43570196,315992,4078632,4078632,18127734,347591.2,3795655.63570196,1669797,8445817,133583760,129788104.364298,2,47500000,2,1.2e+07,0.765228083138234
61,0,0,254716,3382944,3382944,15033052,280187.6,280187.6,1237241,6869610,98979280,98699092.4,2,47500000,2,1.2e+07,0.614093666835498
62,322450,1612.49798057951,321795,4146485,4146485,18427446,353974.5,355586.997980579,1568280,8718241,125462400,125106813.002019,2,47500000,2,1.2e+07,0.77926590497825
63,0,0,296637,3857380,3857380,17137921,326300.7,326300.7,1444485,8021768,115558800,115232499.3,2,47500000,2,1.2e+07,0.716916961846592
64,250467338,1252333.20621907,332807,4265876,4265876,18955188,366087.7,1618420.90621907,1721441,8915963,137715280,136096859.093781,2,47500000,2,1.2e+07,0.804705879340995
65,0,0,0,0,3779971,16809164,0,0,1400209,7798801,112016720,112016720,2,47500000,2,1.2e+07,0.700224597408975
66,1010885899,5054292.79036348,0,0,3219416,14309143,0,5054292.79036348,1265541,6356623,101243280,96188987.2096365,2,47500000,2,1.2e+07,0.579386828541236
67,0,0,247187,3302915,3302915,14681775,271905.7,271905.7,1200869,6681580,96069520,95797614.3,2,47500000,2,1.2e+07,0.597192603380089
68,1082468390,5412453.39584888,208220,2852164,2852164,12681483,229042,5641495.39584888,1098296,5510210,87863680,82222184.6041511,2,47500000,2,1.2e+07,0.499808778707202
69,0,0,183033,2571099,2571099,11421420,201336.3,201336.3,883092,4903928,70647360,70446023.7,2,47500000,2,1.2e+07,0.438734487705699
70,22470135,112363.731013256,198364,2746894,2746894,12197364,218200.4,330564.131013256,968431,5320567,77474480,77143915.8689867,2,47500000,2,1.2e+07,0.476658962038742
71,0,0,182384,2562721,2562721,11380451,200622.4,200622.4,876381,4883662,70110480,69909857.6,2,47500000,2,1.2e+07,0.436583522902038
72,0,0,179125,2521259,2521259,11205344,197037.5,197037.5,862554,4791821,69004320,68807282.5,2,47500000,2,1.2e+07,0.428178168147655
73,102501975,512533.777678491,172995,2452220,2452220,10913473,190294.5,702828.277678491,861889,4609351,68951120,68248291.7223215,2,47500000,2,1.2e+07,0.414077032094288
74,0,0,155284,2260924,2260924,10057813,170812.4,170812.4,749681,4165460,59974480,59803667.6,2,47500000,2,1.2e+07,0.372427600046334
75,0,0,146748,2163382,2163382,9629832,161422.8,161422.8,708285,3934907,56662800,56501377.2,2,47500000,2,1.2e+07,0.351807383162305
76,0,0,147741,2176768,2176768,9681240,162515.1,162515.1,711149,3957275,56891920,56729404.9,2,47500000,2,1.2e+07,0.353737907660141
77,0,0,163814,2360388,2360388,10489554,180195.4,180195.4,792826,4404618,63426080,63245884.6,2,47500000,2,1.2e+07,0.393754380433237
78,0,0,0,0,1979927,8800023,0,0,623690,3465787,49895200,49895200,2,47500000,2,1.2e+07,0.311469416056109
79,116329915,581710.571819817,0,0,2197002,9758635,0,581710.571819817,743017,3960083,59441360,58859649.4281802,2,47500000,2,1.2e+07,0.3577873105018
80,0,0,152725,2230304,2230304,9916725,167997.5,167997.5,735137,4085621,58810960,58642962.5,2,47500000,2,1.2e+07,0.365345539955761
81,79317773,396601.850924633,166847,2379288,2379288,10572284,183531.7,580133.550924633,822382,4426218,65790560,65210426.4490754,2,47500000,2,1.2e+07,0.397615484142985
82,0,0,153988,2243164,2243164,9972917,169386.8,169386.8,741226,4115179,59298080,59128693.2,2,47500000,2,1.2e+07,0.368028072459509
83,509708095,2548606.94689303,164901,2358142,2358142,10471161,181391.1,2729998.04689303,853255,4338128,68260400,65530401.953107,2,47500000,2,1.2e+07,0.392553641276205
84,0,0,170381,2430903,2430903,10803328,187419.1,187419.1,821713,4574970,65737040,65549620.9,2,47500000,2,1.2e+07,0.40864698641722
85,446537887,2232584.68317762,165377,2372119,2372119,10541758,181914.7,2414499.38317762,857142,4375584,68571360,66156860.6168224,2,47500000,2,1.2e+07,0.396026679696344
86,0,0,199176,2755362,2755362,12246929,219093.6,219093.6,963294,5356335,77063520,76844426.4,2,47500000,2,1.2e+07,0.478936511918871
87,0,0,217800,2957103,2957103,13146923,239580,239580,1052527,5850005,84202160,83962580,2,47500000,2,1.2e+07,0.522829847430323
88,504743679,2523887.68497292,223157,3023762,3023762,13437391,245472.7,2769360.38497292,1165668,5930704,93253440,90484079.6150271,2,47500000,2,1.2e+07,0.536687677243625
89,0,0,251810,3347150,3347150,14857976,276991,276991,1217325,6774115,97386000,97109009,2,47500000,2,1.2e+07,0.605516837444736
90,7435569,37189.3718692995,248717,3312493,3312493,14718267,273588.7,310778.0718693,1208803,6689403,96704240,96393461.9281307,2,47500000,2,1.2e+07,0.598792111591288
91,21666399,108285.161745088,0,0,2939873,13066137,0,108285.161745088,1048171,5770549,83853680,83745394.8382549,2,47500000,2,1.2e+07,0.519021139847274
92,0,0,0,0,3088075,13738117,0,0,1103886,6135843,88310880,88310880,2,47500000,2,1.2e+07,0.551128380689789
93,519795182,2598798.22375534,224668,3045219,3045219,13527224,247134.8,2845933.02375534,1178690,5977637,94295200,91449266.9762446,2,47500000,2,1.2e+07,0.541123680866105
94,0,0,249869,3327069,3327069,14786066,274855.9,274855.9,1211473,6730890,96917840,96642984.1,2,47500000,2,1.2e+07,0.602069825385422
95,0,0,261191,3453554,3453554,15347058,287310.1,287310.1,1265772,7043520,101261760,100974449.9,2,47500000,2,1.2e+07,0.629812758966828
96,200293340,1001521.90713125,290533,3781718,3781718,16813053,319586.3,1321108.20713125,1486380,7771233,118910400,117589291.792869,2,47500000,2,1.2e+07,0.700700941667475
97,638271834,3191471.15352958,278087,3654964,3654964,16240599,305895.7,3497366.85352958,1466574,7427716,117325920,113828553.14647,2,47500000,2,1.2e+07,0.672726180244152
98,0,0,313753,4035103,4035103,17945767,345128.3,345128.3,1521555,8453591,121724400,121379271.7,2,47500000,2,1.2e+07,0.755872050744095
99,800762234,4003671.49492166,304933,3941804,3941804,17521740,335426.3,4339097.79492166,1606678,8112351,128534240,124195142.205078,2,47500000,2,1.2e+07,0.734921313401248
100,44064017,220302.653844527,382489,4818743,4818743,21431255,420737.9,641040.553844527,1892321,10322925,151385680,150744639.446155,2,47500000,2,1.2e+07,0.925553068401158
101,124633476,623176.177403599,378109,4772580,4772580,21207811,415919.9,1039096.0774036,1913863,10165426,153109040,152069943.922596,2,47500000,2,1.2e+07,0.914159090954007
102,19843733,99210.3389539171,385698,4859990,4859990,21611540,424267.8,523478.138953917,1897280,10440370,151782400,151258921.861046,2,47500000,2,1.2e+07,0.934403292162861
103,965813,4829.69528515479,374521,4722258,4722258,20989339,411973.1,416802.795285155,1822250,10111143,145780000,145363197.204715,2,47500000,2,1.2e+07,0.904140856212135
104,399051474,1995241.46054733,0,0,5164876,22963029,0,1995241.46054733,2148699,11011088,171895920,169900678.539453,2,47500000,2,1.2e+07,1
105,0,0,0,0,6670018,19766469,0,0,1691063,9409727,135285040,135285040,3,4.2e+07,3,1.8e+07,0.84494523145102
106,493381541,2466832.98489348,502705,6426068,6426068,19032072,552975.5,3019808.48489348,1759471,8957066,140757680,137737871.515107,3,4.2e+07,3,1.8e+07,0.809311926240827
107,0,0,587456,7380613,7380613,21862746,646201.6,646201.6,1908103,10605754,152648240,152002038.4,3,4.2e+07,3,1.8e+07,0.946294475247972
108,0,0,504713,6450889,6450889,19114921,555184.3,555184.3,1638532,9110001,131082560,130527375.7,3,4.2e+07,3,1.8e+07,0.812737486158709
109,0,0,496259,6357941,6357941,18838726,545884.9,545884.9,1611836,8956237,128946880,128400995.1,3,4.2e+07,3,1.8e+07,0.798903798626778
110,367610992,1838094.88822402,477323,6150578,6150578,18218698,525055.3,2363150.18822402,1660792,8519402,132863360,130500209.811776,3,4.2e+07,3,1.8e+07,0.768943526262645
111,0,0,467375,6034954,6034954,17879156,514112.5,514112.5,1518993,8436408,121519440,121005327.5,3,4.2e+07,3,1.8e+07,0.75231470475684
112,456522573,2282503.03581319,457098,5915692,5915692,17527047,502807.8,2785310.83581319,1596847,8144374,127747760,124962449.164187,3,4.2e+07,3,1.8e+07,0.735230554352479
113,190399846,952099.697494032,476156,6141757,6141757,18191382,523771.6,1475871.29749403,1630172,8541698,130413760,128937888.702506,3,4.2e+07,3,1.8e+07,0.768116116409436
114,203466271,1017333.6188213,441490,5750105,5750105,17034455,485639,1502972.6188213,1513668,7911168,121093440,119590467.381179,3,4.2e+07,3,1.8e+07,0.711623055809078
115,0,0,406107,5349703,5349703,15848698,446717.7,446717.7,1317894,7332900,105431520,104984802.3,3,4.2e+07,3,1.8e+07,0.654098525408907
116,0,0,455493,5905882,5905882,17500481,501042.3,501042.3,1482095,8230885,118567600,118066557.7,3,4.2e+07,3,1.8e+07,0.734432738649278
117,0,0,0,0,5242793,15537440,0,0,1279992,7106066,102399360,102399360,3,4.2e+07,3,1.8e+07,0.638609506195763
118,431324677,2156522.28380361,0,0,4921771,14579208,0,2156522.28380361,1277011,6514440,102160880,100004357.716196,3,4.2e+07,3,1.8e+07,0.592143848238089
119,0,0,350186,4714217,4714217,13963740,385204.6,385204.6,1131814,6298963,90545120,90159915.4,3,4.2e+07,3,1.8e+07,0.56218081114358
120,0,0,358040,4795668,4795668,14213616,393844,393844,1157635,6441420,92610800,92216956,3,4.2e+07,3,1.8e+07,0.574708722973527
121,0,0,322400,4402175,4402175,13048221,354640,354640,1043390,5800788,83471200,83116560,3,4.2e+07,3,1.8e+07,0.517568775295679
122,0,0,302466,4166060,4166060,12343336,332712.6,332712.6,973830,5426917,77906400,77573687.4,3,4.2e+07,3,1.8e+07,0.483847800618108
123,171808095,858843.021162657,267234,3784488,3784488,11205356,293957.4,1152800.42116266,907495,4759812,72599600,71446799.5788373,3,4.2e+07,3,1.8e+07,0.428210956409736
124,0,0,257784,3672592,3672592,10884088,283562.4,283562.4,831781,4622072,66542480,66258917.6,3,4.2e+07,3,1.8e+07,0.412319060738358
125,953228873,4765899.58291156,255304,3647929,3647929,10811019,280834.4,5046733.98291155,898250,4520241,71860000,66813266.0170885,3,4.2e+07,3,1.8e+07,0.408994677437148
126,0,0,232490,3383752,3383752,10030445,255739,255739,747202,4159967,59776160,59520421,3,4.2e+07,3,1.8e+07,0.370995210360442
127,357832546,1789175.83554308,244743,3526360,3526360,10443838,269217.3,2058393.13554308,846223,4334384,67697840,65639446.8644569,3,4.2e+07,3,1.8e+07,0.391132175073294
128,0,0,199619,3010041,3010041,8913043,219580.9,219580.9,639719,3552482,51177520,50957939.1,3,4.2e+07,3,1.8e+07,0.316823020954327
129,306211535,1531068.54712574,222017,3262329,3262329,9666232,244218.7,1775287.24712574,760387,3917371,60830960,59055672.7528743,3,4.2e+07,3,1.8e+07,0.353249024585914
130,0,0,0,0,2887711,8552453,0,0,598674,3331328,47893920,47893920,3,4.2e+07,3,1.8e+07,0.29907052267909
131,105899117,529566.154917858,0,0,3061766,9065945,0,529566.154917858,671907,3588176,53752560,53222993.8450821,3,4.2e+07,3,1.8e+07,0.324207362228358
132,0,0,204617,3076232,3076232,9113749,225078.7,225078.7,657861,3657675,52628880,52403801.3,3,4.2e+07,3,1.8e+07,0.326314691771049
133,0,0,206112,3082086,3082086,9139342,226723.2,226723.2,660302,3666139,52824160,52597436.8,3,4.2e+07,3,1.8e+07,0.32726980147128
134,0,0,222459,3275411,3275411,9702926,244704.9,244704.9,715990,3978741,57279200,57034495.1,3,4.2e+07,3,1.8e+07,0.355033462777901
135,0,0,192833,2933988,2933988,8689457,212116.3,212116.3,615801,3430931,49264080,49051963.7,3,4.2e+07,3,1.8e+07,0.306012613015857
136,0,0,259662,3695053,3695053,10951737,285628.2,285628.2,838093,4661327,67047440,66761811.8,3,4.2e+07,3,1.8e+07,0.415818981877706
137,124500847,622503.182345121,222660,3265517,3265517,9675582,244926,867429.182345122,741961,3941500,59356880,58489450.8176549,3,4.2e+07,3,1.8e+07,0.354071526884057
138,0,0,248269,3560704,3560704,10557255,273095.9,273095.9,800949,4443892,64075920,63802824.1,3,4.2e+07,3,1.8e+07,0.396466731513614
139,225648568,1128317.26132905,248860,3568774,3568774,10572176,273746,1402063.26132905,847302,4409456,67784160,66382096.738671,3,4.2e+07,3,1.8e+07,0.397284891303733
140,0,0,268541,3795274,3795274,11242874,295395.1,295395.1,866676,4823848,69334080,69038684.9,3,4.2e+07,3,1.8e+07,0.429929443789001
141,73535857,367658.355208662,371504,4946756,4946756,14664018,408654.4,776312.755208662,1234839,6658473,98787120,98010807.2447913,3,4.2e+07,3,1.8e+07,0.59607301755589
142,0,0,353723,4747530,4747530,14070148,389095.3,389095.3,1144886,6363063,91590880,91201784.7,3,4.2e+07,3,1.8e+07,0.567917386334288
143,619094319,3095439.71269573,0,0,4340645,12862780,0,3095439.71269573,1105408,5594751,88432640,85337200.2873043,3,4.2e+07,3,1.8e+07,0.508721779511987
144,0,0,0,0,4188362,12409771,0,0,975971,5417898,78077680,78077680,3,4.2e+07,3,1.8e+07,0.486784530440153
145,472692827,2363308.8078338,386438,5121782,5121782,15182274,425081.8,2788390.6078338,1347946,6880165,107835680,105047289.392166,3,4.2e+07,3,1.8e+07,0.621524884841764
146,0,0,407830,5362619,5362619,15891601,448613,448613,1323566,7358873,105885280,105436667,3,4.2e+07,3,1.8e+07,0.655956194146136
147,553685299,2768391.5871701,413934,5436752,5436752,16100991,455327.4,3223718.9871701,1455215,7372661,116417200,113193481.01283,3,4.2e+07,3,1.8e+07,0.666543745163162
148,16524418,82599.0999506937,401245,5293758,5293758,15684967,441369.5,523968.599950694,1309641,7228116,104771280,104247311.400049,3,4.2e+07,3,1.8e+07,0.645790053800759
149,129433882,647086.600025722,383454,5078390,5078390,15043533,421799.4,1068886.00002572,1289161,6845685,103132880,102063993.999974,3,4.2e+07,3,1.8e+07,0.614849043598419
150,0,0,403025,5303756,5303756,15717895,443327.5,443327.5,1304436,7261237,104354880,103911552.5,3,4.2e+07,3,1.8e+07,0.647865012385928
151,672265814,3361307.60457294,513188,6543268,6543268,19392243,564506.8,3925814.40457294,1804526,9133673,144362080,140436265.595427,3,4.2e+07,3,1.8e+07,0.825856239309068
152,0,0,478475,6151117,6151117,18229601,526322.5,526322.5,1552277,8631884,124182160,123655837.5,3,4.2e+07,3,1.8e+07,0.769886763772382
153,608283679,3041641.76874766,436009,5678928,5678928,16829539,479609.9,3521251.66874766,1532546,7766841,122603680,119082428.331252,3,4.2e+07,3,1.8e+07,0.701923544255712
154,189120788,945556.332809555,587011,7375601,7375601,21858043,645712.1,1591268.43280955,2009733,10514946,160778640,159187371.56719,3,4.2e+07,3,1.8e+07,0.946055561180135
155,313564822,1567767.65493339,565528,7130532,7130532,21137584,622080.8,2189848.45493339,1961311,10100890,156904880,154715031.545067,3,4.2e+07,3,1.8e+07,0.910963426856249
156,364107872,1820482.38166708,0,0,6708902,19876783,0,1820482.38166708,1822159,9350749,145772720,143952237.618333,3,4.2e+07,3,1.8e+07,0.849468616442053
157,0,0,0,0,9739619,21651036,0,0,1875267,10418806,150021360,150021360,4,45500000,4,2.4e+07,0.936215172268616
158,72964935,364772.526156753,781721,9826420,9826420,21845115,859893.1,1224665.62615675,1959757,10578175,156780560,155555894.373843,4,45500000,4,2.4e+07,0.945707603689663
159,0,0,681412,8690234,8690234,19308593,749553.2,749553.2,1661164,9231066,132893120,132143566.8,4,45500000,4,2.4e+07,0.822024761071783
160,1121551194,5607917.69165907,827233,10336644,10336644,22971668,909956.3,6517873.99165907,2206114,11069654,176489120,169971246.008341,4,45500000,4,2.4e+07,1
161,0,0,704482,8960308,8960308,19909795,774930.2,774930.2,1718265,9557516,137461200,136686269.8,4,45500000,4,2.4e+07,0.851421658292895
162,183077739,915310.101021985,585417,7606419,7606419,16895362,643958.7,1559268.80102198,1497712,7851953,119816960,118257691.198978,4,45500000,4,2.4e+07,0.705100488564409
163,225797801,1129090.02068909,616842,7985942,7985942,17743598,678526.2,1807616.22068909,1595903,8305450,127672240,125864623.779311,4,45500000,4,2.4e+07,0.746789163543178
164,197909922,989625.604660199,636555,8199854,8199854,18219594,700210.5,1689836.1046602,1638914,8560687,131113120,129423283.89534,4,45500000,4,2.4e+07,0.769168149347709
165,510769642,2553911.42914845,748635,9464098,9464098,21040728,823498.5,3377409.92914845,1977396,10048412,158191680,154814270.070852,4,45500000,4,2.4e+07,0.906368452200657
166,0,0,638942,8215235,8215235,18250161,702836.2,702836.2,1554019,8658553,124321520,123618683.8,4,45500000,4,2.4e+07,0.770998098890919
167,272565557,1362960.81358447,606456,7868410,7868410,17494489,667101.6,2030062.41358447,1577931,8164465,126234480,124204417.586416,4,45500000,4,2.4e+07,0.734485956307867
168,0,0,554223,7262133,7262133,16132382,609645.3,609645.3,1348758,7504356,107900640,107290994.7,4,45500000,4,2.4e+07,0.668147547711061
169,1453017,7267.36344365471,0,0,6745728,14988616,0,7267.36344365471,1227548,6820364,98203840,98196572.6365563,4,45500000,4,2.4e+07,0.612440334601371
170,0,0,0,0,6566848,14589517,0,0,1187757,6600979,95020560,95020560,4,45500000,4,2.4e+07,0.592958103663414
171,0,0,506652,6727037,6727037,14949681,557317.2,557317.2,1234159,6854155,98732720,98175402.8,4,45500000,4,2.4e+07,0.610676817774944
172,347943201,1739689.75317047,548412,7178971,7178971,15947219,603253.2,2342942.95317047,1423751,7313031,113900080,111557137.04683,4,45500000,4,2.4e+07,0.658711780122731
173,0,0,495844,6588003,6588003,14647245,545428.4,545428.4,1201463,6681136,96117040,95571611.6,4,45500000,4,2.4e+07,0.595129223922242
174,58061035,290271.463496524,466837,6289825,6289825,13985306,513520.7,803792.163496524,1161310,6303661,92904800,92101007.8365035,4,45500000,4,2.4e+07,0.563349282570534
175,0,0,355080,5025198,5025198,11171168,390588,390588,861519,4792986,68921520,68530932,4,45500000,4,2.4e+07,0.426773660891123
176,191104048,955367.056168386,387956,5388789,5388789,11977029,426751.6,1382118.65616839,991408,5190506,79312640,77930521.3438316,4,45500000,4,2.4e+07,0.466096940746671
177,0,0,359050,5062910,5062910,11253306,394955,394955,869797,4839132,69583760,69188805,4,45500000,4,2.4e+07,0.430627296221157
178,0,0,287954,4266278,4266278,9477330,316749.4,316749.4,692982,3864037,55438560,55121810.6,4,45500000,4,2.4e+07,0.344157884071735
179,0,0,319770,4624034,4624034,10276274,351747,351747,772567,4301225,61805360,61453613,4,45500000,4,2.4e+07,0.383021622050409
180,82708429,413588.316634685,301638,4427553,4427553,9839145,331801.8,745390.116634686,752786,4048218,60222880,59477489.8833653,4,45500000,4,2.4e+07,0.361972064194964
181,0,0,339056,4838235,4838235,10755315,372961.6,372961.6,820210,4557153,65616800,65243838.4,4,45500000,4,2.4e+07,0.405928228626925
182,0,0,0,0,4232500,9404930,0,0,681140,3792187,54491200,54491200,4,45500000,4,2.4e+07,0.340488460597818
183,711420513,3557235.60996075,0,0,4152036,9229854,0,3557235.60996075,723578,3650210,57886240,54329004.3900392,4,45500000,4,2.4e+07,0.33225346555783
184,0,0,264076,3996124,3996124,8882996,290483.6,290483.6,635924,3541934,50873920,50583436.4,4,45500000,4,2.4e+07,0.315389234814711
185,0,0,284938,4229350,4229350,9397029,313431.8,313431.8,685932,3819762,54874560,54561128.2,4,45500000,4,2.4e+07,0.34012956628415
186,0,0,312780,4549962,4549962,10109582,344058,344058,758214,4210620,60657120,60313062,4,45500000,4,2.4e+07,0.375021558091073
187,0,0,296848,4364083,4364083,9701006,326532.8,326532.8,717338,3986504,57387040,57060507.2,4,45500000,4,2.4e+07,0.354927312009587
188,673885804,3369699.289999,348582,4945426,4945426,10992232,383440.2,3753139.489999,916575,4629141,73326000,69572860.510001,4,45500000,4,2.4e+07,0.418077915174043
189,0,0,311570,4528325,4528325,10070830,342727,342727,754744,4184234,60379520,60036793,4,45500000,4,2.4e+07,0.372776040846669
190,0,0,315339,4576641,4576641,10169900,346872.9,346872.9,763485,4246574,61078800,60731927.1,4,45500000,4,2.4e+07,0.378159026808587
191,201176593,1005809.25439999,418152,5738603,5738603,12749874,459967.2,1465776.45439999,1072807,5603116,85824560,84358783.5456,4,45500000,4,2.4e+07,0.503207833532402
192,0,0,375531,5252426,5252426,11677577,413084.1,413084.1,910836,5068976,72866880,72453795.9,4,45500000,4,2.4e+07,0.451266929381621
193,0,0,433361,5901896,5901896,13113175,476697.1,476697.1,1052030,5854604,84162400,83685702.9,4,45500000,4,2.4e+07,0.521123369421655
194,0,0,435239,5922440,5922440,13161878,478762.9,478762.9,1059184,5878042,84734720,84255957.1,4,45500000,4,2.4e+07,0.523632263458191
195,920255157,4600911.10933417,0,0,6502149,14455929,0,4600911.10933417,1280118,6439359,102409440,97808528.8906658,4,45500000,4,2.4e+07,0.586887222456445
196,0,0,0,0,7577492,16842555,0,0,1406057,7814567,112484560,112484560,4,45500000,4,2.4e+07,0.702041388161123
197,939139586,4695993.86379062,627111,8086449,8086449,17975391,689822.1,5385815.96379062,1665642,8389985,133251360,127865544.036209,4,45500000,4,2.4e+07,0.757655420443005
198,0,0,561636,7363464,7363464,16365232,617799.6,617799.6,1373238,7626739,109859040,109241240.4,4,45500000,4,2.4e+07,0.679059552635323
199,276592002,1382998.39388622,452213,6120024,6120024,13602043,497434.3,1880432.69388622,1171911,6053354,93752880,91872447.3061138,4,45500000,4,2.4e+07,0.544548122385336
200,367840787,1839254.83630124,697105,8877532,8877532,19722698,766815.5,2606070.33630124,1820319,9341758,145625520,143019449.663699,4,45500000,4,2.4e+07,0.841860135317376
201,0,0,685584,8743707,8743707,19427557,754142.4,754142.4,1670503,9295713,133640240,132886097.6,4,45500000,4,2.4e+07,0.828297610495675
202,0,0,688518,8780136,8780136,19519846,757369.8,757369.8,1681578,9344836,134526240,133768870.2,4,45500000,4,2.4e+07,0.832038495195162
203,387180671,1935809.54750755,668791,8545070,8545070,18988229,735670.1,2671479.64750755,1749035,8950363,139922800,137251320.352492,4,45500000,4,2.4e+07,0.806553007734717
204,499445960,2497342.62807163,703963,8955143,8955143,19899858,774359.3,3271701.92807163,1856161,9440433,148492880,145221178.071928,4,45500000,4,2.4e+07,0.850920004988643
205,169326850,846595.599035911,679156,8683358,8683358,19299003,747071.6,1593667.19903591,1742910,9159579,139432800,137839132.800964,4,45500000,4,2.4e+07,0.822299543640481
206,156347484,781789.183733891,717009,9105350,9105350,20237284,788709.9,1570499.08373389,1832613,9668333,146609040,145038540.916266,4,45500000,4,2.4e+07,0.867498932714354
207,79173932,395905.340613845,679197,8665106,8665106,19264871,747116.7,1143022.04061385,1703036,9178409,136242880,135099857.959386,4,45500000,4,2.4e+07,0.820791396609499
208,452211634,2260883.20353145,0,0,7836904,17417832,0,2260883.20353145,1573022,8037939,125841760,123580876.796469,4,45500000,4,2.4e+07,0.730686670772882
